Source0,titre,type_offre,type_bien,zone,prix,pieces,surface_m2,source8
Facebook Marketplace,Appartement / condominium de 1 chambre et 1 salle de bain 1 bed ¬∑ 1 bath,Location,Appartement,be,20000.0,1,60.0,Facebook
Facebook Marketplace,Location des appartements √† Lom√© baguida.,Location,Appartement,baguida,350000.0,2,60.0,Facebook
Facebook Marketplace,TERRAIN A VENDRE LOM√â ADETIKOPE,Vente,Terrain,adetikope,30000.0,Non sp√©cifi√©,43.75,Facebook
Facebook Marketplace,TERRAIN √Ä VENDRE ADAKPAM√â-LOM√â,Vente,Terrain,adakpame,1500000.0,Non sp√©cifi√©,87.5,Facebook
Facebook Marketplace,TERRAIN √Ä VENDRE CENTRE VILLE LOM√â ZONGO,Vente,Terrain,zongo,750000.0,Non sp√©cifi√©,43.75,Facebook
Facebook Marketplace,TERRAIN √Ä VENDRE DJAGBL√â - L√âB√â,Vente,Terrain,be,9000000.0,Non sp√©cifi√©,350.0,Facebook
Facebook Marketplace,Terrain 1 lot quart soit 700m¬≤ Nyekonakpo√® Togo chaussures,Vente,Terrain,nyekonakpo,7.0E7,Non sp√©cifi√©,350.0,Facebook
Facebook Marketplace,Terrain 1lot et 1/4 √† Nanegbe Lom√©,Vente,Terrain,be,2850000.0,Non sp√©cifi√©,437.5,Facebook
Facebook Marketplace,"Terrain 1lot et ¬º ,b√¢ti cl√¥tur√© √† vendre √† Lom√© quartier cacav√©li 00228 91 68 75 87",Vente,Terrain,cacav√©li,5.0E7,Non sp√©cifi√©,350.0,Facebook
Facebook Marketplace,Terrain 2 lots coller en vente a Lome agoe centre,Vente,Terrain,agoe,9.0E7,Non sp√©cifi√©,700.0,Facebook
Facebook Marketplace,Terrain 6 lots coll√©s Adewui √† c√¥t√© de l'universit√© de Lom√©,Vente,Terrain,adewui,4.0E7,Non sp√©cifi√©,2100.0,Facebook
Facebook Marketplace,Terrain a vendre 1lot et 1/4 Lom√©-Nukafu 120 millions,Vente,Terrain,nukafu,1.2E8,Non sp√©cifi√©,437.5,Facebook
Facebook Marketplace,Terrain de 05 lots coll√© pr√®s de la Nationale N5 Lom√©-Kpalim√©,Vente,Terrain,kpalime,2000000.0,Non sp√©cifi√©,1750.0,Facebook
Facebook Marketplace,Terrain de 1 lot avec tampon OTR √† No√©p√© √† 400m du goudron,Vente,Terrain,noepe,4500000.0,Non sp√©cifi√©,350.0,Facebook
Facebook Marketplace,Terrain demi lot carr√© en vente a lome avedji,Vente,Terrain,avedji,2.2E7,Non sp√©cifi√©,700.0,Facebook
Facebook Marketplace,Terrain demi lot en vente a Lom√© no√©p√©,Vente,Terrain,noepe,3500000.0,Non sp√©cifi√©,350.0,Facebook
Facebook Marketplace,Terrain en vente a Lome baguida bateauvi,Vente,Terrain,baguida,1.7E7,Non sp√©cifi√©,700.0,Facebook
Facebook Marketplace,Terrain en vente a Lom√© adidogom√© wonyom√©,Vente,Terrain,wonyome,9000000.0,Non sp√©cifi√©,350.0,Facebook
Facebook Marketplace,Terrain ¬º de lot √† vendre √† Lom√© quartier djidjol√© 00228 91 68 75 87,Vente,Terrain,djidjole,1600000.0,Non sp√©cifi√©,87.5,Facebook
Facebook Marketplace,Terrain ¬Ω lot cl√¥tur√© √† vendre √† Lom√© quartier av√©dji wessom√© 00228 91 68 75 87,Vente,Terrain,avedji,1600000.0,Non sp√©cifi√©,87.5,Facebook
Facebook Marketplace,Terrain ¬Ω lot √† vendre √† Lom√© quartier ago√© l√©gbassito 00228 91 68 75 87,Vente,Terrain,agoe,1.2E7,Non sp√©cifi√©,700.0,Facebook
Facebook Marketplace,Terrain √† Avedji Lom√©,Vente,Terrain,avedji,1.2E7,Non sp√©cifi√©,700.0,Facebook
Facebook Marketplace,Terrain √† vendre Ago√© Lom√©,Vente,Terrain,agoe,1.2E7,Non sp√©cifi√©,700.0,Facebook
Facebook Marketplace,Terrain √† vendre √† tokoin 3k,Vente,Terrain,tokoin,7.5E7,Non sp√©cifi√©,700.0,Facebook
Facebook Marketplace,VENTE DE TERRAIN √Ä AVETONOU 8KLM DU GOUDRON LOM√â KPALIM√â üáπüá¨,Vente,Terrain,kpalime,500000.0,Non sp√©cifi√©,43.75,Facebook
Facebook Marketplace,VENTE DE TERRAINS √Ä AMOUZOUKOP√â 13 KLM DU GOUDRON LOM√â- KPALIM√â üáπüá¨,Vente,Terrain,kpalime,600000.0,Non sp√©cifi√©,43.75,Facebook
Facebook Marketplace,VENTE DE TERRAINS √Ä AVETONOU 8KLM DU GOUDRON LOM√â KPALIM√â üáπüá¨,Vente,Terrain,kpalime,500000.0,Non sp√©cifi√©,43.75,Facebook
Facebook Marketplace,√Ä VENDRE 1 LOT DE TERRAIN AU BORD DU GOUDRON DE LOM√â KPALIM√â √Ä ZANGU√âRA,Vente,Terrain,kpalime,4.0E7,Non sp√©cifi√©,350.0,Facebook
Facebook Marketplace,√Ä VENDRE 1/2 LOT DE TERRAIN √Ä AGO√à L√âGBASSITO,Vente,Terrain,agoe,1.6E7,Non sp√©cifi√©,175.0,Facebook
Facebook Marketplace,√Ä VENDRE 20 HECTARES DE TERRAIN SUR LA VOIE DE LOM√â-KPALIM√â,Vente,Terrain,kpalime,2000000.0,Non sp√©cifi√©,87.5,Facebook
Facebook Marketplace,√Ä VENDRE TERRAIN SUR  1/2 LOT √Ä BAGUIDA - ADAMAVO √Ä 1.8KM DU GOUDRON LOME-ANEHO,Vente,Terrain,aneho,1.8E7,Non sp√©cifi√©,175.0,Facebook
Facebook Marketplace,‚òéÔ∏èüáπüá¨ T√âL [hidden information] Appartement meubl√© Lom√© tokoin pharmacie gbonssime,Location,Appartement,tokoin,15000.0,2,60.0,Facebook
Facebook Marketplace,‚òéÔ∏èüáπüá¨ T√âL [hidden information] TERRAIN A vendre √† Lom√© quartier adidogome wonyome 1/4 de lot,Vente,Terrain,wonyome,9000000.0,Non sp√©cifi√©,87.5,Facebook
Facebook Marketplace,‚òéÔ∏èüáπüá¨ T√âL [hidden information] terrain 1/4 Avendre Lom√© adidogome wonyome,Vente,Terrain,wonyome,9000000.0,Non sp√©cifi√©,350.0,Facebook
Facebook Marketplace,‚òéÔ∏èüáπüá¨ T√âL[hidden information] Appartement meubl√© √† Lom√© avedji,Location,Appartement,avedji,20000.0,1,60.0,Facebook
