Source0,titre,type_offre,type_bien,zone,prix,pieces,surface_m2,source8,source,raison_rejet
Facebook Marketplace,Terrain √† vendre,Vente,Terrain,non sp√©cifi√©,3500000.0,Non sp√©cifi√©,350.0,Facebook,facebook,zone_invalide
Facebook Marketplace,TERRAIN A VENDRE LOM√â ADETIKOPE,Vente,Terrain,adetikope,30000.0,Non sp√©cifi√©,43.75,Facebook,facebook,prix_m2_trop_bas
Facebook Marketplace,Terrain √† GTA LOME,Vente,Terrain,non sp√©cifi√©,1100000.0,Non sp√©cifi√©,87.5,Facebook,facebook,zone_invalide
Facebook Marketplace,Terrain √† vendre,Vente,Terrain,non sp√©cifi√©,3000000.0,Non sp√©cifi√©,350.0,Facebook,facebook,zone_invalide
Facebook Marketplace,Terrain √† vendre,Vente,Terrain,non sp√©cifi√©,1800000.0,Non sp√©cifi√©,87.5,Facebook,facebook,zone_invalide
Facebook Marketplace,Terrain,Vente,Terrain,non sp√©cifi√©,1.2E7,Non sp√©cifi√©,700.0,Facebook,facebook,zone_invalide
Facebook Marketplace,Terrain √† vendre Djagbl√©,Vente,Terrain,non sp√©cifi√©,1200000.0,Non sp√©cifi√©,87.5,Facebook,facebook,zone_invalide
Facebook Marketplace,Des terrains √† vendre en ville a lom√©,Vente,Terrain,non sp√©cifi√©,1000000.0,Non sp√©cifi√©,43.75,Facebook,facebook,zone_invalide
Facebook Marketplace,Terrain √† vendre,Vente,Terrain,non sp√©cifi√©,1200000.0,Non sp√©cifi√©,87.5,Facebook,facebook,zone_invalide
Facebook Marketplace,Terrain √† vendre Djagbl√©,Vente,Terrain,non sp√©cifi√©,1200000.0,Non sp√©cifi√©,87.5,Facebook,facebook,zone_invalide
Facebook Marketplace,Des terrains √† vendre en ville a lom√©,Vente,Terrain,non sp√©cifi√©,1000000.0,Non sp√©cifi√©,43.75,Facebook,facebook,zone_invalide
Facebook Marketplace,OPPORTUNIT√â UNIQUE √Ä LOM√â ‚Äì TERRAIN AU BORD DU GOUDRON EN ANGLE DE RUE DE 499m¬≤ CL√îTUR√â SUR LA ROUTE,Vente,Terrain,non sp√©cifi√©,4900000.0,Non sp√©cifi√©,499.0,Facebook,facebook,zone_invalide
Facebook Marketplace,Terrain √† vendre avec titre foncier,Vente,Terrain,non sp√©cifi√©,2.0E7,Non sp√©cifi√©,700.0,Facebook,facebook,zone_invalide
Facebook Marketplace,#TERRAIN A VENDRE √Ä #KPESSI,,,,,,,,facebook,prix_ou_surface_manquant
"Un terrain mis en vente √† kpessi au bord du lac sur la voie de Lom√© Ane\"",Vente,Terrain,Vo,7000000,,350.0,,,facebook,prix_ou_surface_manquant
Facebook Marketplace,Terrain 1/8 √† vendre avec construction,Vente,Terrain,non sp√©cifi√©,4000000.0,Non sp√©cifi√©,350.0,Facebook,facebook,zone_invalide
Facebook Marketplace,Terrain,Vente,Terrain,non sp√©cifi√©,2000000.0,Non sp√©cifi√©,87.5,Facebook,facebook,zone_invalide
Facebook Marketplace,üòÅüòÅLOCATION EN *CENTRE VILLE DE LOM√â*,,,,,,,,facebook,prix_ou_surface_manquant
lckimüÜò,,,,,,,,,facebook,prix_ou_surface_manquant
*PRODUIT DIRECT¬πAA*,,,,,,,,,facebook,prix_ou_surface_manquant
"*VILLA TRIPLEX DE 10 CHAMBRE\"",Location,Villa,Non sp√©cifi√©,600000,10.0,100.0,,,facebook,prix_ou_surface_manquant
Facebook Marketplace,Studio meubl√© √† louer √† Lom√©,Location,Appartement,non sp√©cifi√©,15000.0,1,35.0,Facebook,facebook,zone_invalide
Facebook Marketplace,‚òéÔ∏èüáπüá¨ T√âL [hidden information] chambre salon meubl√© √† Lom√© totsi,Vente,Terrain,non sp√©cifi√©,15000.0,2,20.0,Facebook,facebook,zone_invalide
Facebook Marketplace,‚òéÔ∏èüáπüá¨ T√âL [hidden information] studio meubl√© √† Lom√© totsi,Vente,Appartement,non sp√©cifi√©,13000.0,1,35.0,Facebook,facebook,zone_invalide
Facebook Marketplace,Appartement / condominium de 1 chambre et 1 salle de bain 1 bed ¬∑ 1 bath,Location,Appartement,be,20000.0,1,60.0,Facebook,facebook,prix_m2_trop_bas
Facebook Marketplace,‚òéÔ∏èüáπüá¨ T√âL[hidden information] Appartement meubl√© Lom√© totsi,Location,Appartement,non sp√©cifi√©,15000.0,2,60.0,Facebook,facebook,zone_invalide
Facebook Marketplace,Pi√®ce meubl√©e en ville de Lom√©.,Location,Appartement,non sp√©cifi√©,10000.0,1,20.0,Facebook,facebook,zone_invalide
Facebook Marketplace,‚òéÔ∏èüáπüá¨ T√âL [hidden information] Appartement meubl√© Lom√© tokoin pharmacie gbonssime,Location,Appartement,tokoin,15000.0,2,60.0,Facebook,facebook,prix_m2_trop_bas
Facebook Marketplace,‚òéÔ∏èüáπüá¨ T√âL[hidden information] Appartement meubl√© √† Lom√© avedji,Location,Appartement,avedji,20000.0,1,60.0,Facebook,facebook,prix_m2_trop_bas
Facebook Marketplace,Location maison meublee,Location,Terrain,non sp√©cifi√©,40000.0,1,20.0,Facebook,facebook,zone_invalide
Facebook Marketplace,Location appartement,Location,Appartement,non sp√©cifi√©,35000.0,1,20.0,Facebook,facebook,zone_invalide
Facebook Marketplace,Location cour unique,,,,,,,,facebook,prix_ou_surface_manquant
Zossim√© non loin du march√©,,,,,,,,,facebook,prix_ou_surface_manquant
"nous mettons en location une chambre salon plafo\"",Location,Terrain,Non sp√©cifi√©,30000,2.0,20.0,,,facebook,prix_ou_surface_manquant
Facebook Marketplace,LOCATION,Location,Terrain,non sp√©cifi√©,70000.0,Non sp√©cifi√©,20.0,Facebook,facebook,zone_invalide
Facebook Marketplace,Location,Location,Terrain,non sp√©cifi√©,70000.0,Non sp√©cifi√©,20.0,Facebook,facebook,zone_invalide
Facebook Marketplace,Cours unique chambre salon,Vente,Villa,non sp√©cifi√©,40000.0,2,20.0,Facebook,facebook,zone_invalide
Facebook Marketplace,Appartement scind√© en cour unique,Vente,Villa,non sp√©cifi√©,65000.0,3,60.0,Facebook,facebook,zone_invalide
Facebook Marketplace,TERRAIN A VENDRE AKATO,Vente,Terrain,non sp√©cifi√©,150000.0,Non sp√©cifi√©,43.75,Facebook,facebook,zone_invalide
Facebook Marketplace,Terrain √† vendre,Vente,Terrain,non sp√©cifi√©,5500000.0,Non sp√©cifi√©,350.0,Facebook,facebook,zone_invalide
Facebook Marketplace,Lom√© Togo terrain √† vendre,Vente,Terrain,non sp√©cifi√©,9.0E7,Non sp√©cifi√©,700.0,Facebook,facebook,zone_invalide
Facebook Marketplace,Terrain un lot en vente a lome ak√©p√© port sec,Vente,Terrain,non sp√©cifi√©,9000000.0,Non sp√©cifi√©,350.0,Facebook,facebook,zone_invalide
Facebook Marketplace,Terrain fiable √† vendre,Vente,Terrain,non sp√©cifi√©,2800000.0,Non sp√©cifi√©,350.0,Facebook,facebook,zone_invalide
Facebook Marketplace,*A VENDRE*,,,,,,,,facebook,prix_ou_surface_manquant
02 LOT de terrain au c≈ìur du grand march√© de LOM√â.,,,,,,,,,facebook,prix_ou_surface_manquant
Surface : 1000 m2.,,,,,,,,,facebook,prix_ou_surface_manquant
"Situ√©s en angle de\"",Vente,Terrain,Non sp√©cifi√©,1000000000,,700.0,,,facebook,prix_ou_surface_manquant
Facebook Marketplace,Terrain demi Lot,Vente,Terrain,non sp√©cifi√©,3.5E7,Non sp√©cifi√©,700.0,Facebook,facebook,zone_invalide
Facebook Marketplace,Terrain √† Lom√© üáπüá¨,Vente,Terrain,non sp√©cifi√©,1.2E8,Non sp√©cifi√©,700.0,Facebook,facebook,zone_invalide
Facebook Marketplace,TERRAINS AGRICOLES EN VENTE √Ä AZAHOUN,Vente,Terrain,non sp√©cifi√©,1300000.0,Non sp√©cifi√©,87.5,Facebook,facebook,zone_invalide
Facebook Marketplace,Terrain en vente a Lom√© ak√©p√©,Vente,Terrain,non sp√©cifi√©,9000000.0,Non sp√©cifi√©,350.0,Facebook,facebook,zone_invalide
Facebook Marketplace,Terrain : 1/2 lot avec Titre Foncier P √† klikam√© non loin campus Lom√©,Vente,Terrain,non sp√©cifi√©,1.9E7,Non sp√©cifi√©,175.0,Facebook,facebook,zone_invalide
Facebook Marketplace,Terrain √† vendre √† Lom√© akepe,Vente,Terrain,non sp√©cifi√©,9000000.0,Non sp√©cifi√©,350.0,Facebook,facebook,zone_invalide
Facebook Marketplace,Terrain √† vendre au grand march√© de lom√© (Assigame),Vente,Terrain,non sp√©cifi√©,1000000.0,Non sp√©cifi√©,43.75,Facebook,facebook,zone_invalide
Facebook Marketplace,VENTE DE TERRAIN A NOTS√à 13 KL AU GOUDRON üáπüá¨,Vente,Terrain,non sp√©cifi√©,400000.0,Non sp√©cifi√©,43.75,Facebook,facebook,zone_invalide
Facebook Marketplace,VENTE DE TERRAIN A NOTS√à √Ä 13 KLM DU GOUDRON üáπüá¨,Vente,Terrain,non sp√©cifi√©,400000.0,Non sp√©cifi√©,43.75,Facebook,facebook,zone_invalide
Facebook Marketplace,TERRAIN √Ä VENDRE,Vente,Terrain,non sp√©cifi√©,4000000.0,Non sp√©cifi√©,350.0,Facebook,facebook,zone_invalide
Facebook Marketplace,Terrain quart de Lot en vente a Lom√© mission tov√©,Vente,Terrain,non sp√©cifi√©,2000000.0,Non sp√©cifi√©,87.5,Facebook,facebook,zone_invalide
