Source,Titre,Type d'offre,Type de bien,Quartier,Prix,Piece,Surface,source
Facebook Marketplace,Terrain √† vendre,Vente,Terrain,Non sp√©cifi√©,3500000,Non sp√©cifi√©,350.0,Facebook
Facebook Marketplace,Terrain 1lot et 1/4 √† Nanegbe Lom√©,Vente,Terrain,Be,2850000,Non sp√©cifi√©,437.5,Facebook
Facebook Marketplace,TERRAIN √Ä VENDRE ADAKPAM√â-LOM√â,Vente,Terrain,Adakpame,1500000,Non sp√©cifi√©,87.5,Facebook
Facebook Marketplace,TERRAIN A VENDRE LOM√â ADETIKOPE,Vente,Terrain,Adetikope,30000,Non sp√©cifi√©,43.75,Facebook
Facebook Marketplace,‚òéÔ∏èüáπüá¨ T√âL [hidden information] TERRAIN A vendre √† Lom√© quartier adidogome wonyome 1/4 de lot,Vente,Terrain,Wonyome,9000000,Non sp√©cifi√©,87.5,Facebook
Facebook Marketplace,Terrain √† GTA LOME,Vente,Terrain,Non sp√©cifi√©,1100000,Non sp√©cifi√©,87.5,Facebook
Facebook Marketplace,‚òéÔ∏èüáπüá¨ T√âL [hidden information] terrain 1/4 Avendre Lom√© adidogome wonyome,Vente,Terrain,Wonyome,9000000,Non sp√©cifi√©,350.0,Facebook
Facebook Marketplace,TERRAIN √Ä VENDRE CENTRE VILLE LOM√â ZONGO,Vente,Terrain,Zongo,750000,Non sp√©cifi√©,43.75,Facebook
Facebook Marketplace,Terrain √† vendre,Vente,Terrain,Non sp√©cifi√©,3000000,Non sp√©cifi√©,350.0,Facebook
Facebook Marketplace,√Ä VENDRE 20 HECTARES DE TERRAIN SUR LA VOIE DE LOM√â-KPALIM√â,Vente,Terrain,Kpalime,2000000,Non sp√©cifi√©,87.5,Facebook
Facebook Marketplace,Terrain √† vendre,Vente,Terrain,Non sp√©cifi√©,1800000,Non sp√©cifi√©,87.5,Facebook
Facebook Marketplace,Terrain,Vente,Terrain,Non sp√©cifi√©,12000000,Non sp√©cifi√©,700.0,Facebook
Facebook Marketplace,Terrain √† vendre Djagbl√©,Vente,Terrain,Non sp√©cifi√©,1200000,Non sp√©cifi√©,87.5,Facebook
Facebook Marketplace,Des terrains √† vendre en ville a lom√©,Vente,Terrain,Non sp√©cifi√©,1000000,Non sp√©cifi√©,43.75,Facebook
Facebook Marketplace,Terrain √† vendre,Vente,Terrain,Non sp√©cifi√©,1200000,Non sp√©cifi√©,87.5,Facebook
Facebook Marketplace,Terrain √† vendre Djagbl√©,Vente,Terrain,Non sp√©cifi√©,1200000,Non sp√©cifi√©,87.5,Facebook
Facebook Marketplace,Terrain √† vendre Ago√© Lom√©,Vente,Terrain,Agoe,12000000,Non sp√©cifi√©,700.0,Facebook
Facebook Marketplace,Des terrains √† vendre en ville a lom√©,Vente,Terrain,Non sp√©cifi√©,1000000,Non sp√©cifi√©,43.75,Facebook
Facebook Marketplace,OPPORTUNIT√â UNIQUE √Ä LOM√â ‚Äì TERRAIN AU BORD DU GOUDRON EN ANGLE DE RUE DE 499m¬≤ CL√îTUR√â SUR LA ROUTE,Vente,Terrain,Non sp√©cifi√©,4900000,Non sp√©cifi√©,499.0,Facebook
Facebook Marketplace,Terrain √† vendre avec titre foncier,Vente,Terrain,Non sp√©cifi√©,20000000,Non sp√©cifi√©,700.0,Facebook
Facebook Marketplace,"#TERRAIN A VENDRE √Ä #KPESSI 
Un terrain mis en vente √† kpessi au bord du lac sur la voie de Lom√© Ane",Vente,Terrain,Vo,7000000,Non sp√©cifi√©,350.0,Facebook
Facebook Marketplace,Terrain √† Avedji Lom√©,Vente,Terrain,Avedji,12000000,Non sp√©cifi√©,700.0,Facebook
Facebook Marketplace,TERRAIN √Ä VENDRE DJAGBL√â - L√âB√â,Vente,Terrain,Be,9000000,Non sp√©cifi√©,350.0,Facebook
Facebook Marketplace,Terrain ¬Ω lot cl√¥tur√© √† vendre √† Lom√© quartier av√©dji wessom√© 00228 91 68 75 87,Vente,Terrain,Avedji,1600000,Non sp√©cifi√©,87.5,Facebook
Facebook Marketplace,Terrain 1/8 √† vendre avec construction,Vente,Terrain,Non sp√©cifi√©,4000000,Non sp√©cifi√©,350.0,Facebook
Facebook Marketplace,Terrain,Vente,Terrain,Non sp√©cifi√©,2000000,Non sp√©cifi√©,87.5,Facebook
Facebook Marketplace,√Ä VENDRE 1 LOT DE TERRAIN AU BORD DU GOUDRON DE LOM√â KPALIM√â √Ä ZANGU√âRA,Vente,Terrain,Kpalime,40000000,Non sp√©cifi√©,350.0,Facebook
Facebook Marketplace,Terrain ¬º de lot √† vendre √† Lom√© quartier djidjol√© 00228 91 68 75 87,Vente,Terrain,Djidjole,1600000,Non sp√©cifi√©,87.5,Facebook
Facebook Marketplace,√Ä VENDRE 1/2 LOT DE TERRAIN √Ä AGO√à L√âGBASSITO,Vente,Terrain,Agoe,16000000,Non sp√©cifi√©,175.0,Facebook
Facebook Marketplace,"üòÅüòÅLOCATION EN *CENTRE VILLE DE LOM√â* 
lckimüÜò
 *PRODUIT DIRECT¬πAA* 


*VILLA TRIPLEX DE 10 CHAMBRE",Location,Villa,Non sp√©cifi√©,600000,10,100.0,Facebook
Facebook Marketplace,Studio meubl√© √† louer √† Lom√©,Location,Appartement,Non sp√©cifi√©,15000,1,35.0,Facebook
Facebook Marketplace,‚òéÔ∏èüáπüá¨ T√âL [hidden information] chambre salon meubl√© √† Lom√© totsi,Vente,Terrain,Non sp√©cifi√©,15000,2,20.0,Facebook
Facebook Marketplace,‚òéÔ∏èüáπüá¨ T√âL [hidden information] studio meubl√© √† Lom√© totsi,Vente,Appartement,Non sp√©cifi√©,13000,1,35.0,Facebook
Facebook Marketplace,Appartement / condominium de 1 chambre et 1 salle de bain 1 bed ¬∑ 1 bath,Location,Appartement,Be,20000,1,60.0,Facebook
Facebook Marketplace,‚òéÔ∏èüáπüá¨ T√âL[hidden information] Appartement meubl√© Lom√© totsi,Location,Appartement,Non sp√©cifi√©,15000,2,60.0,Facebook
Facebook Marketplace,Pi√®ce meubl√©e en ville de Lom√©.,Location,Appartement,Non sp√©cifi√©,10000,1,20.0,Facebook
Facebook Marketplace,‚òéÔ∏èüáπüá¨ T√âL [hidden information] Appartement meubl√© Lom√© tokoin pharmacie gbonssime,Location,Appartement,Tokoin,15000,2,60.0,Facebook
Facebook Marketplace,‚òéÔ∏èüáπüá¨ T√âL[hidden information] Appartement meubl√© √† Lom√© avedji,Location,Appartement,Avedji,20000,1,60.0,Facebook
Facebook Marketplace,Location des appartements √† Lom√© baguida.,Location,Appartement,Baguida,350000,2,60.0,Facebook
Facebook Marketplace,Location maison meublee ,Location,Terrain,Non sp√©cifi√©,40000,1,20.0,Facebook
Facebook Marketplace,Location appartement ,Location,Appartement,Non sp√©cifi√©,35000,1,20.0,Facebook
Facebook Marketplace,"Location cour unique 

Zossim√© non loin du march√© 

nous mettons en location une chambre salon plafo",Location,Terrain,Non sp√©cifi√©,30000,2,20.0,Facebook
Facebook Marketplace,LOCATION,Location,Terrain,Non sp√©cifi√©,70000,Non sp√©cifi√©,20.0,Facebook
Facebook Marketplace,Location,Location,Terrain,Non sp√©cifi√©,70000,Non sp√©cifi√©,20.0,Facebook
Facebook Marketplace,Cours unique chambre salon,Vente,Villa,Non sp√©cifi√©,40000,2,20.0,Facebook
Facebook Marketplace,Appartement scind√© en cour unique,Vente,Villa,Non sp√©cifi√©,65000,3,60.0,Facebook
Facebook Marketplace,Terrain de 1 lot avec tampon OTR √† No√©p√© √† 400m du goudron,Vente,Terrain,Noepe,4500000,Non sp√©cifi√©,350.0,Facebook
Facebook Marketplace,Terrain demi lot en vente a Lom√© no√©p√©,Vente,Terrain,Noepe,3500000,Non sp√©cifi√©,350.0,Facebook
Facebook Marketplace,TERRAIN A VENDRE AKATO,Vente,Terrain,Non sp√©cifi√©,150000,Non sp√©cifi√©,43.75,Facebook
Facebook Marketplace,Terrain ¬Ω lot √† vendre √† Lom√© quartier ago√© l√©gbassito 00228 91 68 75 87,Vente,Terrain,Agoe,12000000,Non sp√©cifi√©,700.0,Facebook
Facebook Marketplace,Terrain de 05 lots coll√© pr√®s de la Nationale N5 Lom√©-Kpalim√©,Vente,Terrain,Kpalime,2000000,Non sp√©cifi√©,1750.0,Facebook
Facebook Marketplace,Terrain √† vendre,Vente,Terrain,Non sp√©cifi√©,5500000,Non sp√©cifi√©,350.0,Facebook
Facebook Marketplace,Lom√© Togo terrain √† vendre,Vente,Terrain,Non sp√©cifi√©,90000000,Non sp√©cifi√©,700.0,Facebook
Facebook Marketplace,VENTE DE TERRAIN √Ä AVETONOU 8KLM DU GOUDRON LOM√â KPALIM√â üáπüá¨,Vente,Terrain,Kpalime,500000,Non sp√©cifi√©,43.75,Facebook
Facebook Marketplace,Terrain en vente a Lom√© adidogom√© wonyom√©,Vente,Terrain,Wonyome,9000000,Non sp√©cifi√©,350.0,Facebook
Facebook Marketplace,√Ä VENDRE TERRAIN SUR  1/2 LOT √Ä BAGUIDA - ADAMAVO √Ä 1.8KM DU GOUDRON LOME-ANEHO,Vente,Terrain,Aneho,18000000,Non sp√©cifi√©,175.0,Facebook
Facebook Marketplace,Terrain a vendre 1lot et 1/4 Lom√©-Nukafu 120 millions,Vente,Terrain,Nukafu,120000000,Non sp√©cifi√©,437.5,Facebook
Facebook Marketplace,Terrain un lot en vente a lome ak√©p√© port sec,Vente,Terrain,Non sp√©cifi√©,9000000,Non sp√©cifi√©,350.0,Facebook
Facebook Marketplace,VENTE DE TERRAINS √Ä AVETONOU 8KLM DU GOUDRON LOM√â KPALIM√â üáπüá¨,Vente,Terrain,Kpalime,500000,Non sp√©cifi√©,43.75,Facebook
Facebook Marketplace,Terrain fiable √† vendre,Vente,Terrain,Non sp√©cifi√©,2800000,Non sp√©cifi√©,350.0,Facebook
Facebook Marketplace,"*A VENDRE*
02 LOT de terrain au c≈ìur du grand march√© de LOM√â.
Surface : 1000 m2.

Situ√©s en angle de",Vente,Terrain,Non sp√©cifi√©,1000000000,Non sp√©cifi√©,700.0,Facebook
Facebook Marketplace,Terrain demi Lot,Vente,Terrain,Non sp√©cifi√©,35000000,Non sp√©cifi√©,700.0,Facebook
Facebook Marketplace,Terrain 2 lots coller en vente a Lome agoe centre,Vente,Terrain,Agoe,90000000,Non sp√©cifi√©,700.0,Facebook
Facebook Marketplace,Terrain √† Lom√© üáπüá¨,Vente,Terrain,Non sp√©cifi√©,120000000,Non sp√©cifi√©,700.0,Facebook
Facebook Marketplace,TERRAINS AGRICOLES EN VENTE √Ä AZAHOUN,Vente,Terrain,Non sp√©cifi√©,1300000,Non sp√©cifi√©,87.5,Facebook
Facebook Marketplace,Terrain en vente a Lom√© ak√©p√©,Vente,Terrain,Non sp√©cifi√©,9000000,Non sp√©cifi√©,350.0,Facebook
Facebook Marketplace,Terrain : 1/2 lot avec Titre Foncier P √† klikam√© non loin campus Lom√©,Vente,Terrain,Non sp√©cifi√©,19000000,Non sp√©cifi√©,175.0,Facebook
Facebook Marketplace,VENTE DE TERRAINS √Ä AMOUZOUKOP√â 13 KLM DU GOUDRON LOM√â- KPALIM√â üáπüá¨,Vente,Terrain,Kpalime,600000,Non sp√©cifi√©,43.75,Facebook
Facebook Marketplace,Terrain √† vendre √† Lom√© akepe,Vente,Terrain,Non sp√©cifi√©,9000000,Non sp√©cifi√©,350.0,Facebook
Facebook Marketplace,Terrain demi lot carr√© en vente a lome avedji,Vente,Terrain,Avedji,22000000,Non sp√©cifi√©,700.0,Facebook
Facebook Marketplace,Terrain √† vendre au grand march√© de lom√© (Assigame),Vente,Terrain,Non sp√©cifi√©,1000000,Non sp√©cifi√©,43.75,Facebook
Facebook Marketplace,VENTE DE TERRAIN A NOTS√à 13 KL AU GOUDRON üáπüá¨,Vente,Terrain,Non sp√©cifi√©,400000,Non sp√©cifi√©,43.75,Facebook
Facebook Marketplace,Terrain 1 lot quart soit 700m¬≤ Nyekonakpo√® Togo chaussures,Vente,Terrain,Nyekonakpo,70000000,Non sp√©cifi√©,350.0,Facebook
Facebook Marketplace,Terrain 6 lots coll√©s Adewui √† c√¥t√© de l'universit√© de Lom√©,Vente,Terrain,Adewui,40000000,Non sp√©cifi√©,2100.0,Facebook
Facebook Marketplace,VENTE DE TERRAIN A NOTS√à √Ä 13 KLM DU GOUDRON üáπüá¨,Vente,Terrain,Non sp√©cifi√©,400000,Non sp√©cifi√©,43.75,Facebook
Facebook Marketplace,Terrain en vente a Lome baguida bateauvi,Vente,Terrain,Baguida,17000000,Non sp√©cifi√©,700.0,Facebook
Facebook Marketplace,Terrain √† vendre √† tokoin 3k,Vente,Terrain,Tokoin,75000000,Non sp√©cifi√©,700.0,Facebook
Facebook Marketplace,"Terrain 1lot et ¬º ,b√¢ti cl√¥tur√© √† vendre √† Lom√© quartier cacav√©li 00228 91 68 75 87",Vente,Terrain,Cacav√©li,50000000,Non sp√©cifi√©,350.0,Facebook
Facebook Marketplace,TERRAIN √Ä VENDRE,Vente,Terrain,Non sp√©cifi√©,4000000,Non sp√©cifi√©,350.0,Facebook
Facebook Marketplace,Terrain quart de Lot en vente a Lom√© mission tov√©,Vente,Terrain,Non sp√©cifi√©,2000000,Non sp√©cifi√©,87.5,Facebook
